{"60Min": {"2": 0.002528536236948437, "3": 0.003563282804356681, "10": 0.004110684825314416, "14": 0.005109978218873342, "8": 0.011717079414261712, "6": 0.014599697871340645, "1": 0.017437051567766402, "9": 0.017643375115262136, "4": 0.03045502429207166, "5": 0.04522898172338804, "13": 0.06764643804894553, "12": 0.07185599787367715, "7": 0.12138469103309843, "0": 0.2841749528629912, "11": 0.29807373219066197}, "AllInHayes": {"3": 0.001816283229605428, "1": 0.0019386574692491973, "10": 0.0020303839950689246, "2": 0.0030666777664529426, "14": 0.009722185271259929, "5": 0.011517972252996904, "13": 0.015389427725624825, "0": 0.015634432967220033, "9": 0.02088020502456597, "12": 0.02111846226866224, "4": 0.02138007339090109, "11": 0.0734239366969892, "8": 0.08948158998308438, "6": 0.2038533498666116, "7": 0.5052055455744267}, "Cooper360": {"3": 0.0008329752010184448, "10": 0.0009609393098137596, "2": 0.0025481986148016794, "1": 0.003133484972761823, "14": 0.005478069452302796, "9": 0.007240197681761407, "0": 0.007683160497093356, "5": 0.014227499592710625, "12": 0.025654650377956303, "13": 0.03507403545565419, "4": 0.03664219808801041, "8": 0.03861136520402385, "11": 0.08716006177876677, "6": 0.18813144011640703, "7": 0.543959201156319}, "ErinBurnett": {"2": 0.0009683755801079121, "10": 0.0015743048267161592, "1": 0.003426660070235425, "3": 0.003943010609834752, "5": 0.01340173565326853, "9": 0.014433571414903123, "13": 0.014460096492412243, "0": 0.016805894118040166, "8": 0.020023828986635867, "14": 0.03321431608910256, "12": 0.03559253257798388, "4": 0.04318325181907796, "11": 0.05930624347417913, "6": 0.19494031863088937, "7": 0.5412337605623488}, "FaceTheNation": {"13": 0.0036023354364766013, "12": 0.005830941100915273, "11": 0.032004781895213656, "14": 0.035831151944067746, "4": 0.06892792508006096, "8": 0.06976258133848508, "6": 0.21979022771120071, "7": 0.5619776546955109}, "Greta-Hume": {"2": 0.002528536236948437, "10": 0.004110684825314416, "3": 0.00581721630361345, "12": 0.0071901124384668134, "9": 0.0094128946463267, "0": 0.014251316380169656, "1": 0.015688833677106433, "8": 0.017378321538368862, "13": 0.017746103306611378, "11": 0.03546679806378153, "5": 0.03830577929814657, "14": 0.061003191189633474, "4": 0.09568718427585231, "6": 0.16745290512012112, "7": 0.5059079850713412}, "Hannity": {"2": 0.0007798421535302292, "3": 0.001298456960781054, "10": 0.0023781030798669567, "1": 0.0024676772617650304, "14": 0.0044554570922628045, "9": 0.009296037997542457, "13": 0.01772046657490798, "5": 0.01844629622064531, "12": 0.024368582843718203, "4": 0.026694589283909987, "8": 0.029188812170601028, "0": 0.03406444554936818, "11": 0.04922868423587219, "6": 0.07196407322771847, "7": 0.7045566056939688}, "HardballMatthews": {"2": 0.0015672197461956078, "1": 0.002210926756055819, "10": 0.0032441972030533683, "3": 0.0036432266933843493, "9": 0.003760431789689594, "14": 0.008852820869328247, "5": 0.009447594121512439, "13": 0.01521155064822071, "0": 0.015504480805248022, "12": 0.017330440278682444, "4": 0.0335548251039452, "8": 0.05463584546103246, "11": 0.06761634850408882, "6": 0.15678430188240278, "7": 0.6037826402526763}, "Maddow": {"3": 0.0014577066017822785, "10": 0.0016816437921740792, "9": 0.002591232176531445, "2": 0.004684482955119826, "1": 0.004913474856452508, "5": 0.0075357491997155275, "0": 0.007853194224563513, "12": 0.01069385592233051, "14": 0.020021961493925614, "4": 0.029670499561523848, "13": 0.037506815808063206, "8": 0.09749611687253822, "6": 0.1304717425426299, "11": 0.18529197963123972, "7": 0.4556571641428904}, "NBCNightly": {"2": 0.009102730453014374, "3": 0.012827818095684052, "10": 0.014798465371131896, "1": 0.01782059520483017, "14": 0.01839592158794403, "9": 0.022802843153476714, "12": 0.02588440477848053, "4": 0.02731267213821411, "5": 0.028042009472846983, "6": 0.0421244889497757, "8": 0.042181485891342164, "7": 0.08186899423599243, "13": 0.08570112586021424, "0": 0.1398528903722763, "11": 0.4063392400741577}, "OReilly": {"1": 0.0008567593848476043, "10": 0.0021676676204571356, "3": 0.002726862529435983, "2": 0.007567684989995682, "5": 0.008458803766048871, "9": 0.010024787625297904, "14": 0.011437146924436092, "13": 0.022603308387960378, "0": 0.02768552881808808, "12": 0.03264720043024191, "8": 0.0394767657853663, "11": 0.07246840189999113, "4": 0.07532085786358668, "6": 0.09588014626374039, "7": 0.5875342885175576}, "CNN.com": {"2": 0.0009103685395703429, "14": 0.005682736156242234, "10": 0.019982761060375543, "3": 0.021391622779802198, "0": 0.031063815711864402, "1": 0.031095873635439645, "13": 0.05316193040815138, "9": 0.058437877813620226, "11": 0.061582640500827915, "5": 0.06230665241767253, "8": 0.0625726254213424, "12": 0.11869825306126759, "7": 0.12034480281706367, "4": 0.13470393419265747, "6": 0.21413292521167368}, "Guardian": {"4": 0.0171262919538127, "7": 0.027874932721178663, "12": 0.028917086181646012, "14": 0.03144241829195161, "10": 0.0321294193475855, "13": 0.03424906826308782, "6": 0.044820947247187055, "5": 0.054518069600663986, "0": 0.06031463704638587, "2": 0.08856297053637947, "9": 0.09845671577502536, "8": 0.09898636359805578, "1": 0.11739118926995715, "3": 0.12942357268324683, "11": 0.13185498872715756}, "MailOnline": {"13": 0.017164068357087673, "4": 0.023236474480945617, "7": 0.02978652948164381, "5": 0.033562046865699816, "6": 0.038381455746712166, "8": 0.04292640555882826, "9": 0.04582450390793383, "0": 0.04828090528724715, "2": 0.048559893266065045, "10": 0.05201086096349172, "14": 0.07341681055142545, "12": 0.09057126548374071, "3": 0.1097038189379964, "11": 0.14481455288943834, "1": 0.1980673049937468}, "NYT.com": {"2": 0.004523186907800061, "3": 0.019333137291717283, "1": 0.02854347868198145, "4": 0.03843073992491159, "14": 0.044153944378167616, "5": 0.04752582041651345, "10": 0.049286026838985496, "12": 0.054265134578940465, "9": 0.055316509075518626, "7": 0.05636823910710573, "13": 0.07810096417759521, "0": 0.0835807100653453, "8": 0.12898769227732043, "6": 0.13319569259309924, "11": 0.1751899515864638}, "NYTPrint": {"2": 0.0024005786544137498, "3": 0.022902966034953214, "1": 0.02505023353425833, "5": 0.04279539300611025, "4": 0.0480003308074615, "7": 0.04822694423944136, "14": 0.04823940676083873, "10": 0.04975356355659323, "12": 0.056933425799447115, "9": 0.059835066635936955, "13": 0.07851663224758382, "0": 0.09081261912549889, "8": 0.1201123685651662, "6": 0.13225465171691503, "11": 0.1709636832247039}, "USATodayOnline": {"2": 0.0007675377848116975, "3": 0.002420472275269659, "8": 0.0152520484438068, "4": 0.025995681699561447, "10": 0.0378743726760149, "14": 0.04651186693655817, "9": 0.055298144095822385, "1": 0.0592585519740456, "13": 0.0614400986140888, "12": 0.07726117152426588, "5": 0.08707685173048, "11": 0.09378514380047195, "7": 0.09544181627662558, "6": 0.16870190801196977, "0": 0.16998093859537652}, "USATodayPrint": {"2": 0.004183604292673607, "3": 0.004791116826746562, "1": 0.021983936326960996, "10": 0.030324255192830954, "14": 0.0403594031343109, "8": 0.05330759807400508, "9": 0.05424248410567437, "13": 0.05824334449964027, "12": 0.06313593611631492, "5": 0.08271181346108653, "4": 0.09643747987965606, "11": 0.11435397894262042, "6": 0.12114730009120213, "0": 0.1231557222159758, "7": 0.12800780912121273}, "WaPo.com": {"2": 0.002543058863460726, "3": 0.009081005949918682, "1": 0.019765809239833308, "10": 0.032077523916140015, "14": 0.04119547805122685, "9": 0.044164803051014036, "12": 0.04509325493992395, "0": 0.05784551167751328, "5": 0.0632458058957803, "4": 0.07125717752059799, "13": 0.07647218447278793, "8": 0.0998358187199659, "11": 0.11042678428695407, "7": 0.11159489307470602, "6": 0.21196301557205635}, "WaPoPrint": {"2": 0.0023957474157214166, "3": 0.015326321000854175, "1": 0.035191490990566274, "10": 0.04168297741927353, "12": 0.043962959674935714, "9": 0.04855375499555878, "14": 0.056359119194687585, "5": 0.058141650924203446, "7": 0.06898233170310657,