{"60Min": {"9": 0.006172839552164078, "1": 0.006172839552164078, "10": 0.006172839552164078, "14": 0.006172839552164078, "12": 0.006172839552164078, "0": 0.011359411395258374, "15": 0.017783165391948488, "2": 0.01850862821771039, "6": 0.0209409747686651, "17": 0.028848941955301497, "8": 0.031197730037901137, "16": 0.039602855427397624, "4": 0.06231476987401644, "7": 0.09419771573609775, "13": 0.10843539403544532, "3": 0.10984690901305941, "11": 0.19703672288192642, "5": 0.22501998353335592}, "AllInHayes": {"12": 0.002381070501218408, "7": 0.0036061365567779135, "0": 0.0037920117946499484, "14": 0.004741587470901214, "2": 0.006120761398668006, "16": 0.006849479877342612, "8": 0.009071971716011986, "15": 0.016502278083461826, "9": 0.021691161918185525, "5": 0.022145908831034677, "6": 0.026028595864772797, "3": 0.0304458620563402, "4": 0.04612157779540551, "11": 0.0501198532470202, "10": 0.06680924047605466, "17": 0.07864113797638882, "1": 0.10010391135968394, "13": 0.501412262477107}, "Cooper360": {"12": 0.0015214699669741094, "14": 0.0016904073068872093, "7": 0.0033419248182326557, "16": 0.003960975934751332, "2": 0.004849868349265307, "0": 0.005183561705052853, "5": 0.008342870674096049, "8": 0.012587293668184429, "9": 0.018299134774133564, "15": 0.0253135085105896, "6": 0.03306890991516411, "3": 0.03385546891950071, "4": 0.036484527331776914, "1": 0.04243665506364778, "11": 0.05504049860173836, "17": 0.06389337811851874, "10": 0.07152406505774707, "13": 0.5741529404185712}, "ErinBurnett": {"0": 0.003938649817570752, "12": 0.004001086249071009, "14": 0.004538031988868527, "7": 0.007490862051353735, "16": 0.008411890735813216, "2": 0.011516810723525636, "8": 0.01201166395171016, "5": 0.013927010855838364, "3": 0.024919215407149465, "15": 0.031133924154382125, "4": 0.032796779318767434, "11": 0.03333808112816483, "1": 0.03922934716969144, "10": 0.04161902524384798, "9": 0.041638704856821133, "6": 0.042030034385913725, "17": 0.0917420141106727, "13": 0.5521475317723611}, "FaceTheNation": {"8": 0.0020564072248008517, "9": 0.004459635665019353, "6": 0.006947476002905104, "3": 0.010163992643356323, "7": 0.014289301302697923, "4": 0.019100601474444073, "11": 0.023291290427247684, "2": 0.030846083122822974, "15": 0.047845969597498574, "17": 0.07201644550595018, "10": 0.09901605215337542, "1": 0.10824031217230691, "13": 0.5576959285471175}, "Greta-Hume": {"5": 0.006172839552164078, "12": 0.006172839552164078, "9": 0.011373114668660693, "16": 0.011576062068343163, "7": 0.011841921342743767, "6": 0.015224269694752164, "0": 0.015430671059423022, "14": 0.019235656907161076, "3": 0.020102707876099482, "2": 0.021539619399441615, "8": 0.021602111765080027, "4": 0.02395742479711771, "1": 0.038055563552512064, "17": 0.05079343501064512, "10": 0.05950941310988532, "11": 0.06974522355529997, "15": 0.07154438106550111, "13": 0.5216001508136591}, "Hannity": {"0": 0.0011643413143853345, "14": 0.003685026884906822, "7": 0.005644436015023125, "2": 0.006328267376455996, "16": 0.008261086874537998, "9": 0.011789851532214218, "10": 0.019668445373988815, "4": 0.021187534348832235, "15": 0.021669707229981818, "6": 0.025203082834680875, "8": 0.025906069794048865, "1": 0.026310261794262463, "3": 0.027907905706928835, "5": 0.0428122532967892, "17": 0.04311621259484026, "11": 0.04356877025630739, "13": 0.6617949319382509}, "HardballMatthews": {"7": 0.0025854170424480963, "12": 0.0041776049933204915, "0": 0.004787565502401901, "14": 0.005600799793658191, "2": 0.006695233540583963, "16": 0.008952601238676947, "8": 0.01000962022385777, "5": 0.014577924439760104, "3": 0.018553095244585652, "9": 0.0198629211430272, "6": 0.02045053954248967, "15": 0.02079983373261886, "10": 0.02849627881987046, "4": 0.038668437746085534, "11": 0.05477358377857568, "1": 0.06467584852282315, "17": 0.06977757163447877, "13": 0.6022832350269572}, "Maddow": {"12": 0.0029913384224409642, "14": 0.003399194906587186, "7": 0.004470289563355239, "16": 0.007186816438384678, "8": 0.008152805592702784, "15": 0.010175425235344015, "5": 0.01260283767529156, "2": 0.01292365400687508, "6": 0.013669415215111298, "0": 0.014300533610841503, "9": 0.01700983317973821, "10": 0.025248500720962234, "3": 0.049181532681636185, "4": 0.06854480456398881, "11": 0.08560028923270495, "1": 0.09452263557392618, "17": 0.12046606409484925, "13": 0.4468062226863011}, "NBCNightly": {"3": 0.02222222238779068, "10": 0.02222222238779068, "2": 0.02222222238779068, "12": 0.02222222238779068, "17": 0.02222222238779068, "14": 0.02222222238779068, "15": 0.02222222238779068, "8": 0.02222222238779068, "0": 0.041122119128704074, "9": 0.04746855348348618, "16": 0.05943471342325211, "13": 0.06191273778676987, "7": 0.06415979713201522, "1": 0.0729497566819191, "4": 0.07549384981393814, "5": 0.09137776643037795, "6": 0.12164580971002578, "11": 0.16250253468751907}, "OReilly": {"12": 0.002368854807206878, "7": 0.0029194849646753734, "0": 0.005414362600142205, "14": 0.0072934880542258424, "16": 0.00756461257804875, "8": 0.011156703586931582, "9": 0.012520858604047034, "2": 0.0139503614563081, "6": 0.024831364586673402, "10": 0.026249738099674385, "4": 0.035102036212467484, "1": 0.036001818944458606, "5": 0.03608904087364122, "17": 0.03746786698078116, "3": 0.04783777678730311, "11": 0.0518393667621745, "15": 0.052890818669564195, "13": 0.5844420929335885}, "CNN.com": {"0": 0.0038776955966438567, "2": 0.0061230398537147615, "16": 0.006629763641172931, "12": 0.008975037617520207, "14": 0.019388798974631798, "4": 0.03164239926707177, "9": 0.03178774177407225, "7": 0.03261469816789031, "11": 0.035990255605429414, "8": 0.05397091538512281, "1": 0.057256316495615814, "10": 0.07328199596543397, "17": 0.07602899555737773, "6": 0.07950885444436046, "15": 0.08470504474604414, "5": 0.08984379753736513, "3": 0.1383168716161024, "13": 0.1655253436372039}, "Guardian": {"2": 0.007351758009024772, "0": 0.007427691892967616, "6": 0.011120221281637359, "9": 0.011810913202296719, "16": 0.013169520429380417, "15": 0.014793490915256271, "10": 0.015536354746703193, "17": 0.017744944611822355, "13": 0.03465739903685423, "12": 0.034666807164931784, "1": 0.039758321805296086, "8": 0.04969658494466938, "11": 0.073014633411665, "7": 0.07625376146303557, "3": 0.11429867141666901, "4": 0.11527621872436973, "5": 0.11841923982207944, "14": 0.2391077654214621}, "MailOnline": {"10": 0.008154259154107422, "2": 0.01212216578423977, "16": 0.01506222365773283, "15": 0.01668145559146069, "17": 0.01824045179062523, "9": 0.01937509863404557, "6": 0.019488537814468146, "0": 0.019543906945036726, "1": 0.019594114234205335, "12": 0.024806356540648267, "8": 0.03353176732663996, "13": 0.03386887995875441, "11": 0.08422392432112247, "5": 0.08802528121974319, "4": 0.11402581907692365, "3": 0.14279782012104988, "7": 0.1446861571376212, "14": 0.18117419786867686}, "NYT.com": {"0": 0.006809831349255887, "2": 0.01372260187860676, "16": 0.017679020675241054, "6": 0.017957943346881576, "12": 0.01875791692590055, "14": 0.02022568913078989, "15": 0.02491276634312915, "9": 0.02787313044371174, "10": 0.04165735058939914, "17": 0.042275081556081104, "8": 0.04340563078274887, "7": 0.04447151482984256, "11": 0.07325389199586732, "1": 0.08408675208331996, "13": 0.08587495638197114, "4": 0.1053211906617891, "5": 0.14217971787310105, "3": 0.18490971665138775}, "NYTPrint": {"0": 0.00729722667929863, "2": 0.012365538858558019, "6": 0.015446884661610356, "12": 0.018250804087194393, "14": 0.019573222382495245, "16": 0.020310195805835846, "9": 0.024306265722374022, "15": 0.03127947299112448, "8": 0.04055384101185399, "10": 0.043988984676200875, "7": 0.04473912077223135, "17": 0.04566414188593626, "11": 0.07435106446134485, "13": 0.07636546135553854, "1": 0.0813493769152591, "4": 0.0984884935104983, "5": 0.1445121328738816, "3": 0.1963644379154226}, "USATodayOnline": {"14": 0.0006284080445766449, "0": 0.0015411512239983207, "12": 0.005657420934815156, "2": 0.01591234065984425, "15": 0.020556352934555003,