{"60Min": {"9": 0.0029652147657341426, "12": 0.004556607868936326, "10": 0.006065689027309418, "6": 0.007266384032037523, "1": 0.01316612751947509, "14": 0.0210088226530287, "3": 0.022189844813611772, "0": 0.027983994947539434, "11": 0.041434975961844124, "8": 0.045734482610391244, "7": 0.04964789913760291, "2": 0.08191707647509044, "13": 0.19019238402446112, "4": 0.22541086748242378, "5": 0.2565809177855651}, "AllInHayes": {"12": 0.0018448950057583196, "14": 0.0021927352395973037, "9": 0.004349193801837308, "8": 0.005798271890463573, "0": 0.007420110366573291, "11": 0.00826192763634026, "5": 0.012653772719204426, "2": 0.013864269413586174, "7": 0.03258339245803654, "6": 0.03849606794704284, "4": 0.044468904695739706, "10": 0.06046839776848044, "3": 0.12178349331952631, "1": 0.18877851560578815, "13": 0.4530756002558129}, "Cooper360": {"12": 0.0010651810602708297, "8": 0.0014517009258270264, "9": 0.002605032804724458, "14": 0.004170485469815019, "5": 0.00926701905955742, "11": 0.011314481496810913, "0": 0.014468984884004315, "7": 0.016343658402949185, "2": 0.02345369966676483, "6": 0.04710418283455558, "3": 0.05965755818193996, "4": 0.0678765390358575, "10": 0.07480010237883437, "1": 0.1697074416299145, "13": 0.49356413390729337}, "ErinBurnett": {"0": 0.0033215054092889137, "14": 0.0036860120661081153, "12": 0.004612494656380186, "8": 0.005762930999093867, "9": 0.009098085158682883, "5": 0.013136851740010242, "11": 0.015739149156403034, "7": 0.02311708284740118, "3": 0.03693391626423344, "2": 0.043310948469220324, "4": 0.05273943307234886, "6": 0.06705006049510012, "10": 0.1157929178010276, "1": 0.15069025687556317, "13": 0.45167795869898286}, "FaceTheNation": {"7": 0.0032405851201878656, "9": 0.0035683916260798774, "4": 0.006679942624436485, "0": 0.009809553209278319, "10": 0.020506212694777384, "2": 0.029613486180702846, "6": 0.08498894205937783, "3": 0.08997496714194615, "1": 0.21208917680713865, "13": 0.5346211691697439}, "Greta-Hume": {"5": 0.006563638233476215, "12": 0.007807026306788127, "8": 0.00924909652935134, "14": 0.012660084499253167, "0": 0.013334975060489442, "2": 0.014174865351782905, "9": 0.019738958527644474, "3": 0.023102002839247387, "7": 0.02449883934524324, "10": 0.0247993485795127, "11": 0.03217969545059734, "4": 0.05399484973814753, "6": 0.08873889471093814, "1": 0.177713207486603, "13": 0.4887756299641397}, "Hannity": {"9": 0.00047899132848463273, "14": 0.0013928446622396057, "12": 0.0020071457309479065, "8": 0.006488743164068596, "0": 0.007537670761600814, "11": 0.013628660193221136, "7": 0.02402444611388174, "6": 0.024682442657649517, "5": 0.02565425158139657, "2": 0.026729385887103326, "4": 0.033939364440315825, "3": 0.0394322470634837, "10": 0.056576167730699206, "1": 0.07445315873800692, "13": 0.6595106768337163}, "HardballMatthews": {"14": 0.002095640947421392, "9": 0.003174955555651751, "12": 0.003539689389678339, "0": 0.0043290619893620414, "8": 0.006645345866369705, "11": 0.008588045188743208, "7": 0.010975765530019999, "5": 0.015112919939888848, "2": 0.01655029733147886, "6": 0.047872360912151635, "4": 0.0493269469977046, "10": 0.06053668208834198, "3": 0.060837887913092144, "1": 0.14989464887831774, "13": 0.5571265308600333}, "Maddow": {"8": 0.003423850644718517, "14": 0.004808723757212812, "12": 0.006454519250176169, "7": 0.006989861034195532, "11": 0.007295648990706964, "9": 0.01042810742827979, "5": 0.013253181834112514, "0": 0.014595272188836878, "2": 0.016155544160441918, "6": 0.04017569615759633, "10": 0.04041233654557304, "1": 0.11530118130824783, "4": 0.13919816437092694, "3": 0.14432032050734217, "13": 0.43444241481748497}, "NBCNightly": {"9": 0.010674773156642914, "12": 0.016403788328170778, "14": 0.02011815309524536, "10": 0.021836480498313902, "8": 0.022356194257736207, "2": 0.02288534939289093, "6": 0.026158982515335084, "7": 0.030252546072006226, "11": 0.03145217597484588, "1": 0.03634611368179321, "0": 0.0437693640589714, "3": 0.0540794238448143, "13": 0.15130551159381866, "5": 0.1703016445040703, "4": 0.31878783702850344}, "OReilly": {"9": 0.0011318094061257748, "14": 0.0014376275313015168, "12": 0.003443790957904779, "8": 0.004420415928157477, "11": 0.007390986017596263, "0": 0.008218287741048979, "2": 0.024246061614786204, "5": 0.025832514762162015, "7": 0.03725671580132957, "10": 0.05348680752257888, "3": 0.05440408380057376, "6": 0.06317015135517487, "4": 0.06925516303342122, "1": 0.09577040736062023, "13": 0.547737373612248}, "CNN.com": {"9": 0.0017784543956319491, "12": 0.01784842830772201, "5": 0.019507266044439305, "0": 0.025841073212879043, "8": 0.026763957126864364, "14": 0.039463170005806854, "4": 0.05569145248848058, "13": 0.05770949073845432, "11": 0.06942128407813254, "7": 0.07895436392476161, "3": 0.0902835183643869, "10": 0.09822232919257312, "2": 0.11158612475153945, "1": 0.1445548408664763, "6": 0.15863374243712142}, "Guardian": {"9": 0.019409964670404702, "6": 0.02001325012162238, "10": 0.02190421801901995, "13": 0.023483912119675564, "0": 0.02414205610606236, "2": 0.030184593768397636, "1": 0.03135296995106367, "5": 0.03795577814881073, "7": 0.04840895823197417, "8": 0.059623792000305674, "11": 0.0716334721634546, "3": 0.10754151129954864, "4": 0.12344363845985787, "14": 0.14373305421434793, "12": 0.23353378532218735}, "MailOnline": {"0": 0.011333747077733278, "13": 0.022970106399152427, "1": 0.022977138850837946, "10": 0.024213457074947656, "6": 0.026507822015555575, "5": 0.03689690182101913, "7": 0.04168432839796878, "3": 0.04551858326187357, "11": 0.046166921742260454, "8": 0.05722899136715569, "9": 0.05768731480347924, "2": 0.09717860105796718, "4": 0.1507870288542472, "12": 0.15450621532509104, "14": 0.2006382297235541}, "NYT.com": {"12": 0.023697493824591576, "9": 0.02428136754620555, "0": 0.02984798349237788, "13": 0.03033800641151515, "6": 0.037361204873575145, "14": 0.040011285570509425, "2": 0.051607202778636625, "10": 0.05304155480430535, "11": 0.05725429196796669, "7": 0.06381659256119965, "8": 0.06708422094262606, "5": 0.07968375361995415, "1": 0.09817315146940925, "4": 0.1701349849474341, "3": 0.1704729054635914}, "NYTPrint": {"12": 0.024103937472032412, "13": 0.028985012457398745, "0": 0.03016135420149126, "9": 0.030481539238811597, "14": 0.03468937911376887, "10": 0.04416407392298812, "6": 0.0476623125525598, "11": 0.052870585018211055, "2": 0.05563632081390411, "8": 0.06930737107812526, "7": 0.07013180031710621, "5": 0.08661843037828425, "1": 0.10033382462611809, "3": 0.15865844237585056, "4": 0.16302196490271065}, "USATodayOnline": {"3": 0.0221409018298513, "9": 0.028322872117553886, "0": 0.034017359127143494, "13": 0.047030097069708926, "6": 0.05159936394346388, "14": 0.05609595216810703, "7": 0.07197387911085236, "8": 0.08156322511403184, "2": 0.08270755763116636, "11": 0.08513691229745746, "10": 0.08888950198888779, "4": 0.10481594360776637, "5": 0.11859547417904985, "1": 0.12327514647653229}, "USATodayPrint": {"12": 0.004178157293122925, "0": 0.02442720797780442, "9": 0.027739842447822224, "14": 0.028305293634942132, "2": 0.05989078562451552, "8": 0.06971289185577467, "3": 0.07490169448293235, "5": 0.08050139587729761, "13": 0.08157331450548891, "10": 0.08200162173287101, "7": 0.08299359324554058, "1": 0.08497373083580846, "6": 0.08498740193676459, "11": 0.0943396533648037, "4": 0.11595474579052566}, "WaPo.com": {"12": 0.009562630865558945, "0": 0.026155619521131216, "14": 0.02716780554111546, "9": 0.03437663153870473, "2": 0.03499698693907312, "5": 0.04392586824481892, "8": 0.05046486841460057, "13": 0.06210467383188075, "7": 0.06413263142846688, "11": 0.06907048154267093, "6": 0.07825055450182818, "10": 0.08078694319543782, "4": 0.11076974918756151, "3": 0.13764764762126036, "1": 0.1672953077134264}, "WaPoPrint": {"12": 0.015854711648003728, "0": 0.029618300055610197, "13": 0.03626676022860349, "2": 0.036886454059505, "14": 0.049548678297330354, "9": 0.05065488612242774, "5": 0.053336196001984325, "10": 0.0622813034620063, "8": 0.06318613264125351,