{"60Min": {"2": 0.009259259535206689, "4": 0.009259259535206689, "9": 0.009259259535206689, "11": 0.014607485383749008, "3": 0.03385070297453138, "6": 0.03577504141463174, "0": 0.03699889034032822, "10": 0.058669991377327174, "7": 0.09994079503748152, "5": 0.14490490406751633, "1": 0.2257874281042152, "8": 0.3170505480633842}, "AllInHayes": {"9": 0.004363742199237064, "6": 0.008574990003164543, "4": 0.009922257072087062, "1": 0.009961224887204372, "10": 0.012637312713442213, "0": 0.021437734791661722, "3": 0.026006778307511646, "5": 0.02812747000637701, "2": 0.09718514047563076, "8": 0.15130473910120584, "11": 0.19616622446199594, "7": 0.43160986673023743}, "Cooper360": {"9": 0.0024959058966487644, "4": 0.0034011235460639, "1": 0.006533184577710927, "6": 0.007793953351210803, "3": 0.011234154342673719, "10": 0.0164515936980024, "0": 0.01690502994460985, "5": 0.030821476643905044, "2": 0.09670908623374999, "8": 0.1640249508898705, "11": 0.16844257313059643, "7": 0.472319345548749}, "ErinBurnett": {"4": 0.0043917162818651575, "9": 0.006655759853767413, "1": 0.008534032267098333, "3": 0.011072224626938501, "10": 0.015244376060425066, "0": 0.018620537338303586, "6": 0.023622240980758387, "5": 0.03487251698970795, "8": 0.11389777851382307, "11": 0.13144192961501142, "2": 0.15845790191316136, "7": 0.4697853528401431}, "FaceTheNation": {"5": 0.00267619825899601, "0": 0.0070918964015112985, "10": 0.012455165386199951, "3": 0.029811076405975554, "6": 0.0418881480064657, "8": 0.06551072042849329, "2": 0.11093842403756247, "11": 0.22419355437159538, "7": 0.5031077199512057}, "Greta-Hume": {"4": 0.009259259535206689, "5": 0.01156768285565906, "1": 0.015476267370912764, "9": 0.020931957910458248, "3": 0.022632151014275022, "0": 0.027749131951067183, "6": 0.03044073325064447, "10": 0.03401547504795922, "2": 0.08896305784583092, "8": 0.11209504306316376, "11": 0.168341223978334, "7": 0.4564278581076198}, "Hannity": {"9": 0.002565411002271705, "3": 0.006300037054138051, "4": 0.008585985108382172, "1": 0.012194250637872352, "6": 0.012258177850809363, "0": 0.017057965354373057, "10": 0.02788442120783859, "5": 0.03984356615692377, "2": 0.04383881411825617, "11": 0.06198823476831118, "8": 0.10933334233446254, "7": 0.6551129344436858}, "HardballMatthews": {"9": 0.004511947616016212, "0": 0.006600296711676741, "1": 0.007102806529361908, "6": 0.007879988162791075, "3": 0.011203365553527663, "10": 0.012617588425948196, "4": 0.013123107346871945, "5": 0.020961952842261693, "2": 0.07461800135365904, "11": 0.14288189471380353, "8": 0.17189156672317688, "7": 0.5230582055367835}, "Maddow": {"9": 0.0036231885137765303, "1": 0.006545918386267579, "0": 0.011650377398599749, "6": 0.013822475934158201, "10": 0.014126792550086975, "5": 0.014467723424667898, "4": 0.024859253884009693, "3": 0.03849654336986334, "11": 0.10054105293491612, "2": 0.13269682066596072, "8": 0.28662746172884235, "7": 0.34953845324723615}, "NBCNightly": {"0": 0.03333333432674408, "10": 0.03333333432674408, "11": 0.03333333432674408, "2": 0.03333333432674408, "4": 0.03333333432674408, "5": 0.03333333432674408, "9": 0.03333333432674408, "6": 0.05576801896095276, "3": 0.057154209911823274, "7": 0.06182042360305786, "1": 0.15388061702251435, "8": 0.41388786733150484}, "OReilly": {"9": 0.005099833253081198, "1": 0.007673478547345709, "3": 0.008413070881808246, "4": 0.010001911160846552, "6": 0.014661936399837336, "10": 0.015485637096895112, "5": 0.038221143669000375, "0": 0.03891838935238344, "2": 0.08375879309864508, "11": 0.09473563213315275, "8": 0.13923348417436635, "7": 0.5407588047285875}, "CNN.com": {"3": 0.01703379267737979, "6": 0.02016834087581152, "9": 0.02107554463492263, "4": 0.03182424036342473, "1": 0.04841553023794577, "0": 0.08403917130171543, "8": 0.08542947476463658, "10": 0.09351363740417928, "7": 0.09772456742024847, "5": 0.11405304732422034, "11": 0.14791339633188078, "2": 0.23556761629435988}, "Guardian": {"7": 0.022012006794383008, "5": 0.023575423791701626, "6": 0.02934552900807326, "11": 0.0357513796813023, "2": 0.03675348241252443, "3": 0.05037993181732495, "4": 0.065205817378732, "0": 0.06966954389732914, "10": 0.08286725444416235, "8": 0.15532586127182985, "1": 0.15857886204338936, "9": 0.26683556549643805}, "MailOnline": {"7": 0.02154478643089533, "11": 0.023069203951163218, "6": 0.041009617376839745, "2": 0.04143223638180643, "10": 0.046128621224779634, "5": 0.04833943216362968, "4": 0.05175393509678543, "3": 0.06893855095840991, "0": 0.11295561368926428, "8": 0.16546581963193602, "9": 0.1817123599606566, "1": 0.19427406915579923}, "NYT.com": {"9": 0.022412823207941506, "5": 0.0507613879049455, "7": 0.0513647633381467, "3": 0.06711987982249439, "6": 0.06751407667722427, "0": 0.07662994899588187, "1": 0.08729683178431644, "2": 0.08928985390567992, "4": 0.09471431442218997, "10": 0.09507810762361361, "11": 0.11946581854669845, "8": 0.17550429158708017}, "NYTPrint": {"9": 0.02138692279568481, "7": 0.04385177588544143, "5": 0.05145888504936232, "3": 0.06327042049080663, "6": 0.06772820756482291, "0": 0.08561174503437759, "10": 0.09096423059531729, "1": 0.09139837173574845, "4": 0.09361940683314794, "2": 0.09616145323772872, "11": 0.11850789830391177, "8": 0.17290810945202706}, "USATodayOnline": {"9": 0.0016053326820072375, "3": 0.012919875229463765, "4": 0.037800787997088935, "6": 0.06040987965503806, "7": 0.07264546177497036, "0": 0.0777196488833349, "5": 0.08593390489879407, "8": 0.1027360446260948, "2": 0.10608311370015144, "11": 0.12272344402184612, "10": 0.128030271367415, "1": 0.18831891752779484}, "USATodayPrint": {"9": 0.003088471441440386, "3": 0.0333346313835211, "6": 0.03774204559318007, "4": 0.04942415935331828, "5": 0.07379314239608915, "0": 0.07465915387011554, "11": 0.10025101295378927, "1": 0.11093950006243301, "7": 0.11959442077842478, "2": 0.12184734437104365, "8": 0.13343597860522058, "10": 0.1385358746150789}, "WaPo.com": {"9": 0.01018659899598739, "5": 0.04324820389729767, "6": 0.04407038689137853, "4": 0.04986452250137998, "3": 0.051026421825658794, "1": 0.062100454145919505, "0": 0.06583893134356601, "7": 0.09295387614705124, "10": 0.12170677218577099, "8": 0.12876263654091757, "2": 0.1459509422103157, "11": 0.1810615631082257}, "WaPoPrint": {"9": 0.014713098232944807, "5": 0.03739757564868413, "3": 0.04679835360205056, "4": 0.05056387883994509, "7": 0.05892850371698539, "6": 0.06821101458706692, "0": 0.07391778273763609, "1": 0.09610893620433761, "2": 0.132344575956756, "11": 0.13388765990807144, "10": 0.13904586553062295, "8": 0.14471804382389084}, "WSJOnline": {"7": 0.037054614559747276, "3": 0.052441729509155266, "2": 0.05474380062660202, "9": 0.05747327674471307, "8": 0.058829377964138986, "5": 0.05980175810109358, "6": 0.06122718581173103, "0": 0.09423317497421521, "1": 0.09767441879375838, "11": 0.09798237016366329, "4": 0.16004696180461905, "10": 0.16512504312267992}, "WSJPrint": {"9": 0.03278276727647538, "7": 0.03450993952121894, "5": 0.05198830163853753, "6": 0.05660911807849719, "8": 0.06503760681790151, "3": 0.07434368377349748, "2": 0.07599716434243378, "0": 0.08793207541535235, "11": 0.09381672717441039, "1": 0.09700559413024953, "10": 0.15159627178292365, "4": 0.17481129468792372}, "FoxNews.com": {"1": 0.011718518269130198, "2": 0.011718518269130198, "4": 0.011718518269130198, "6": 0.011718518269130198, "0": 0.011718528877688173, "9": 0.013656125638223488, "11": 0.017897886464182527, "7": 0.04686199426612277, "8": 0.0478695968859161, "10": 0.052352086714470836, "5": 0.07685667410368979, "3": 0.6687493097199719}, "NBCNews.com": {"1": 0.000677736010402441, "2": 0.000677736010402441, "4": 0.000677736010402441, "6": 0.000677736010402441, "0": 0.0006777374858134671, "9": 0.0019021460443342988, "11": 0.0023592588197635976, "7": 0.03359995102019687, "5": 0.05884227741901812, "10": 0.07461064668666376, "8": 0.07639712276623438, "3": 0.7346056088020927}, "HuffPost": {"7": 0.023546217009425163, "10": 0.03726745769381523, "5": 0.07037635892629623,